{"scaler_mean": 7.798736943541032, "scaler_std": 1.8337639982603111}